ecg_id,fold,path,access
96,1,D:\UserFiles\desktop\ECGdata\ptb-xl-a-large-publicly-available-electrocardiography-dataset-1.0.3\records500\00000\00096_hr.hea,read_only
104,4,D:\UserFiles\desktop\ECGdata\ptb-xl-a-large-publicly-available-electrocardiography-dataset-1.0.3\records500\00000\00104_hr.hea,read_only
138,8,D:\UserFiles\desktop\ECGdata\ptb-xl-a-large-publicly-available-electrocardiography-dataset-1.0.3\records500\00000\00138_hr.hea,read_only
150,7,D:\UserFiles\desktop\ECGdata\ptb-xl-a-large-publicly-available-electrocardiography-dataset-1.0.3\records500\00000\00150_hr.hea,read_only
333,4,D:\UserFiles\desktop\ECGdata\ptb-xl-a-large-publicly-available-electrocardiography-dataset-1.0.3\records500\00000\00333_hr.hea,read_only
358,4,D:\UserFiles\desktop\ECGdata\ptb-xl-a-large-publicly-available-electrocardiography-dataset-1.0.3\records500\00000\00358_hr.hea,read_only
443,4,D:\UserFiles\desktop\ECGdata\ptb-xl-a-large-publicly-available-electrocardiography-dataset-1.0.3\records500\00000\00443_hr.hea,read_only
578,6,D:\UserFiles\desktop\ECGdata\ptb-xl-a-large-publicly-available-electrocardiography-dataset-1.0.3\records500\00000\00578_hr.hea,read_only
602,7,D:\UserFiles\desktop\ECGdata\ptb-xl-a-large-publicly-available-electrocardiography-dataset-1.0.3\records500\00000\00602_hr.hea,read_only
697,8,D:\UserFiles\desktop\ECGdata\ptb-xl-a-large-publicly-available-electrocardiography-dataset-1.0.3\records500\00000\00697_hr.hea,read_only
900,7,D:\UserFiles\desktop\ECGdata\ptb-xl-a-large-publicly-available-electrocardiography-dataset-1.0.3\records500\00000\00900_hr.hea,read_only
933,7,D:\UserFiles\desktop\ECGdata\ptb-xl-a-large-publicly-available-electrocardiography-dataset-1.0.3\records500\00000\00933_hr.hea,read_only
1004,6,D:\UserFiles\desktop\ECGdata\ptb-xl-a-large-publicly-available-electrocardiography-dataset-1.0.3\records500\01000\01004_hr.hea,read_only
1032,6,D:\UserFiles\desktop\ECGdata\ptb-xl-a-large-publicly-available-electrocardiography-dataset-1.0.3\records500\01000\01032_hr.hea,read_only
1154,5,D:\UserFiles\desktop\ECGdata\ptb-xl-a-large-publicly-available-electrocardiography-dataset-1.0.3\records500\01000\01154_hr.hea,read_only
1192,6,D:\UserFiles\desktop\ECGdata\ptb-xl-a-large-publicly-available-electrocardiography-dataset-1.0.3\records500\01000\01192_hr.hea,read_only
1217,1,D:\UserFiles\desktop\ECGdata\ptb-xl-a-large-publicly-available-electrocardiography-dataset-1.0.3\records500\01000\01217_hr.hea,read_only
1241,2,D:\UserFiles\desktop\ECGdata\ptb-xl-a-large-publicly-available-electrocardiography-dataset-1.0.3\records500\01000\01241_hr.hea,read_only
1358,6,D:\UserFiles\desktop\ECGdata\ptb-xl-a-large-publicly-available-electrocardiography-dataset-1.0.3\records500\01000\01358_hr.hea,read_only
1385,3,D:\UserFiles\desktop\ECGdata\ptb-xl-a-large-publicly-available-electrocardiography-dataset-1.0.3\records500\01000\01385_hr.hea,read_only
1446,4,D:\UserFiles\desktop\ECGdata\ptb-xl-a-large-publicly-available-electrocardiography-dataset-1.0.3\records500\01000\01446_hr.hea,read_only
1508,6,D:\UserFiles\desktop\ECGdata\ptb-xl-a-large-publicly-available-electrocardiography-dataset-1.0.3\records500\01000\01508_hr.hea,read_only
1691,5,D:\UserFiles\desktop\ECGdata\ptb-xl-a-large-publicly-available-electrocardiography-dataset-1.0.3\records500\01000\01691_hr.hea,read_only
1702,5,D:\UserFiles\desktop\ECGdata\ptb-xl-a-large-publicly-available-electrocardiography-dataset-1.0.3\records500\01000\01702_hr.hea,read_only
1779,8,D:\UserFiles\desktop\ECGdata\ptb-xl-a-large-publicly-available-electrocardiography-dataset-1.0.3\records500\01000\01779_hr.hea,read_only
1904,2,D:\UserFiles\desktop\ECGdata\ptb-xl-a-large-publicly-available-electrocardiography-dataset-1.0.3\records500\01000\01904_hr.hea,read_only
1913,4,D:\UserFiles\desktop\ECGdata\ptb-xl-a-large-publicly-available-electrocardiography-dataset-1.0.3\records500\01000\01913_hr.hea,read_only
1996,2,D:\UserFiles\desktop\ECGdata\ptb-xl-a-large-publicly-available-electrocardiography-dataset-1.0.3\records500\01000\01996_hr.hea,read_only
2005,6,D:\UserFiles\desktop\ECGdata\ptb-xl-a-large-publicly-available-electrocardiography-dataset-1.0.3\records500\02000\02005_hr.hea,read_only
2052,3,D:\UserFiles\desktop\ECGdata\ptb-xl-a-large-publicly-available-electrocardiography-dataset-1.0.3\records500\02000\02052_hr.hea,read_only
2179,4,D:\UserFiles\desktop\ECGdata\ptb-xl-a-large-publicly-available-electrocardiography-dataset-1.0.3\records500\02000\02179_hr.hea,read_only
2186,6,D:\UserFiles\desktop\ECGdata\ptb-xl-a-large-publicly-available-electrocardiography-dataset-1.0.3\records500\02000\02186_hr.hea,read_only
2197,7,D:\UserFiles\desktop\ECGdata\ptb-xl-a-large-publicly-available-electrocardiography-dataset-1.0.3\records500\02000\02197_hr.hea,read_only
2491,2,D:\UserFiles\desktop\ECGdata\ptb-xl-a-large-publicly-available-electrocardiography-dataset-1.0.3\records500\02000\02491_hr.hea,read_only
2533,5,D:\UserFiles\desktop\ECGdata\ptb-xl-a-large-publicly-available-electrocardiography-dataset-1.0.3\records500\02000\02533_hr.hea,read_only
2557,6,D:\UserFiles\desktop\ECGdata\ptb-xl-a-large-publicly-available-electrocardiography-dataset-1.0.3\records500\02000\02557_hr.hea,read_only
2647,5,D:\UserFiles\desktop\ECGdata\ptb-xl-a-large-publicly-available-electrocardiography-dataset-1.0.3\records500\02000\02647_hr.hea,read_only
2706,6,D:\UserFiles\desktop\ECGdata\ptb-xl-a-large-publicly-available-electrocardiography-dataset-1.0.3\records500\02000\02706_hr.hea,read_only
2762,8,D:\UserFiles\desktop\ECGdata\ptb-xl-a-large-publicly-available-electrocardiography-dataset-1.0.3\records500\02000\02762_hr.hea,read_only
2784,2,D:\UserFiles\desktop\ECGdata\ptb-xl-a-large-publicly-available-electrocardiography-dataset-1.0.3\records500\02000\02784_hr.hea,read_only
2858,1,D:\UserFiles\desktop\ECGdata\ptb-xl-a-large-publicly-available-electrocardiography-dataset-1.0.3\records500\02000\02858_hr.hea,read_only
3175,2,D:\UserFiles\desktop\ECGdata\ptb-xl-a-large-publicly-available-electrocardiography-dataset-1.0.3\records500\03000\03175_hr.hea,read_only
3205,7,D:\UserFiles\desktop\ECGdata\ptb-xl-a-large-publicly-available-electrocardiography-dataset-1.0.3\records500\03000\03205_hr.hea,read_only
3218,8,D:\UserFiles\desktop\ECGdata\ptb-xl-a-large-publicly-available-electrocardiography-dataset-1.0.3\records500\03000\03218_hr.hea,read_only
3228,7,D:\UserFiles\desktop\ECGdata\ptb-xl-a-large-publicly-available-electrocardiography-dataset-1.0.3\records500\03000\03228_hr.hea,read_only
3229,5,D:\UserFiles\desktop\ECGdata\ptb-xl-a-large-publicly-available-electrocardiography-dataset-1.0.3\records500\03000\03229_hr.hea,read_only
3316,8,D:\UserFiles\desktop\ECGdata\ptb-xl-a-large-publicly-available-electrocardiography-dataset-1.0.3\records500\03000\03316_hr.hea,read_only
3373,4,D:\UserFiles\desktop\ECGdata\ptb-xl-a-large-publicly-available-electrocardiography-dataset-1.0.3\records500\03000\03373_hr.hea,read_only
3388,4,D:\UserFiles\desktop\ECGdata\ptb-xl-a-large-publicly-available-electrocardiography-dataset-1.0.3\records500\03000\03388_hr.hea,read_only
3392,3,D:\UserFiles\desktop\ECGdata\ptb-xl-a-large-publicly-available-electrocardiography-dataset-1.0.3\records500\03000\03392_hr.hea,read_only
3402,7,D:\UserFiles\desktop\ECGdata\ptb-xl-a-large-publicly-available-electrocardiography-dataset-1.0.3\records500\03000\03402_hr.hea,read_only
3421,6,D:\UserFiles\desktop\ECGdata\ptb-xl-a-large-publicly-available-electrocardiography-dataset-1.0.3\records500\03000\03421_hr.hea,read_only
3535,3,D:\UserFiles\desktop\ECGdata\ptb-xl-a-large-publicly-available-electrocardiography-dataset-1.0.3\records500\03000\03535_hr.hea,read_only
3621,1,D:\UserFiles\desktop\ECGdata\ptb-xl-a-large-publicly-available-electrocardiography-dataset-1.0.3\records500\03000\03621_hr.hea,read_only
3753,5,D:\UserFiles\desktop\ECGdata\ptb-xl-a-large-publicly-available-electrocardiography-dataset-1.0.3\records500\03000\03753_hr.hea,read_only
3768,8,D:\UserFiles\desktop\ECGdata\ptb-xl-a-large-publicly-available-electrocardiography-dataset-1.0.3\records500\03000\03768_hr.hea,read_only
3778,4,D:\UserFiles\desktop\ECGdata\ptb-xl-a-large-publicly-available-electrocardiography-dataset-1.0.3\records500\03000\03778_hr.hea,read_only
3839,2,D:\UserFiles\desktop\ECGdata\ptb-xl-a-large-publicly-available-electrocardiography-dataset-1.0.3\records500\03000\03839_hr.hea,read_only
3840,8,D:\UserFiles\desktop\ECGdata\ptb-xl-a-large-publicly-available-electrocardiography-dataset-1.0.3\records500\03000\03840_hr.hea,read_only
3845,7,D:\UserFiles\desktop\ECGdata\ptb-xl-a-large-publicly-available-electrocardiography-dataset-1.0.3\records500\03000\03845_hr.hea,read_only
3853,2,D:\UserFiles\desktop\ECGdata\ptb-xl-a-large-publicly-available-electrocardiography-dataset-1.0.3\records500\03000\03853_hr.hea,read_only
3922,2,D:\UserFiles\desktop\ECGdata\ptb-xl-a-large-publicly-available-electrocardiography-dataset-1.0.3\records500\03000\03922_hr.hea,read_only
4022,6,D:\UserFiles\desktop\ECGdata\ptb-xl-a-large-publicly-available-electrocardiography-dataset-1.0.3\records500\04000\04022_hr.hea,read_only
4129,2,D:\UserFiles\desktop\ECGdata\ptb-xl-a-large-publicly-available-electrocardiography-dataset-1.0.3\records500\04000\04129_hr.hea,read_only
4144,6,D:\UserFiles\desktop\ECGdata\ptb-xl-a-large-publicly-available-electrocardiography-dataset-1.0.3\records500\04000\04144_hr.hea,read_only
4210,2,D:\UserFiles\desktop\ECGdata\ptb-xl-a-large-publicly-available-electrocardiography-dataset-1.0.3\records500\04000\04210_hr.hea,read_only
4297,8,D:\UserFiles\desktop\ECGdata\ptb-xl-a-large-publicly-available-electrocardiography-dataset-1.0.3\records500\04000\04297_hr.hea,read_only
4323,2,D:\UserFiles\desktop\ECGdata\ptb-xl-a-large-publicly-available-electrocardiography-dataset-1.0.3\records500\04000\04323_hr.hea,read_only
4374,2,D:\UserFiles\desktop\ECGdata\ptb-xl-a-large-publicly-available-electrocardiography-dataset-1.0.3\records500\04000\04374_hr.hea,read_only
4398,1,D:\UserFiles\desktop\ECGdata\ptb-xl-a-large-publicly-available-electrocardiography-dataset-1.0.3\records500\04000\04398_hr.hea,read_only
4406,5,D:\UserFiles\desktop\ECGdata\ptb-xl-a-large-publicly-available-electrocardiography-dataset-1.0.3\records500\04000\04406_hr.hea,read_only
4481,4,D:\UserFiles\desktop\ECGdata\ptb-xl-a-large-publicly-available-electrocardiography-dataset-1.0.3\records500\04000\04481_hr.hea,read_only
4716,6,D:\UserFiles\desktop\ECGdata\ptb-xl-a-large-publicly-available-electrocardiography-dataset-1.0.3\records500\04000\04716_hr.hea,read_only
4721,6,D:\UserFiles\desktop\ECGdata\ptb-xl-a-large-publicly-available-electrocardiography-dataset-1.0.3\records500\04000\04721_hr.hea,read_only
4738,8,D:\UserFiles\desktop\ECGdata\ptb-xl-a-large-publicly-available-electrocardiography-dataset-1.0.3\records500\04000\04738_hr.hea,read_only
4802,5,D:\UserFiles\desktop\ECGdata\ptb-xl-a-large-publicly-available-electrocardiography-dataset-1.0.3\records500\04000\04802_hr.hea,read_only
4808,8,D:\UserFiles\desktop\ECGdata\ptb-xl-a-large-publicly-available-electrocardiography-dataset-1.0.3\records500\04000\04808_hr.hea,read_only
4918,5,D:\UserFiles\desktop\ECGdata\ptb-xl-a-large-publicly-available-electrocardiography-dataset-1.0.3\records500\04000\04918_hr.hea,read_only
5178,8,D:\UserFiles\desktop\ECGdata\ptb-xl-a-large-publicly-available-electrocardiography-dataset-1.0.3\records500\05000\05178_hr.hea,read_only
5323,4,D:\UserFiles\desktop\ECGdata\ptb-xl-a-large-publicly-available-electrocardiography-dataset-1.0.3\records500\05000\05323_hr.hea,read_only
5415,4,D:\UserFiles\desktop\ECGdata\ptb-xl-a-large-publicly-available-electrocardiography-dataset-1.0.3\records500\05000\05415_hr.hea,read_only
5453,1,D:\UserFiles\desktop\ECGdata\ptb-xl-a-large-publicly-available-electrocardiography-dataset-1.0.3\records500\05000\05453_hr.hea,read_only
5457,6,D:\UserFiles\desktop\ECGdata\ptb-xl-a-large-publicly-available-electrocardiography-dataset-1.0.3\records500\05000\05457_hr.hea,read_only
5484,4,D:\UserFiles\desktop\ECGdata\ptb-xl-a-large-publicly-available-electrocardiography-dataset-1.0.3\records500\05000\05484_hr.hea,read_only
5534,5,D:\UserFiles\desktop\ECGdata\ptb-xl-a-large-publicly-available-electrocardiography-dataset-1.0.3\records500\05000\05534_hr.hea,read_only
5550,3,D:\UserFiles\desktop\ECGdata\ptb-xl-a-large-publicly-available-electrocardiography-dataset-1.0.3\records500\05000\05550_hr.hea,read_only
5657,3,D:\UserFiles\desktop\ECGdata\ptb-xl-a-large-publicly-available-electrocardiography-dataset-1.0.3\records500\05000\05657_hr.hea,read_only
5705,8,D:\UserFiles\desktop\ECGdata\ptb-xl-a-large-publicly-available-electrocardiography-dataset-1.0.3\records500\05000\05705_hr.hea,read_only
5783,8,D:\UserFiles\desktop\ECGdata\ptb-xl-a-large-publicly-available-electrocardiography-dataset-1.0.3\records500\05000\05783_hr.hea,read_only
5823,2,D:\UserFiles\desktop\ECGdata\ptb-xl-a-large-publicly-available-electrocardiography-dataset-1.0.3\records500\05000\05823_hr.hea,read_only
5843,7,D:\UserFiles\desktop\ECGdata\ptb-xl-a-large-publicly-available-electrocardiography-dataset-1.0.3\records500\05000\05843_hr.hea,read_only
5887,4,D:\UserFiles\desktop\ECGdata\ptb-xl-a-large-publicly-available-electrocardiography-dataset-1.0.3\records500\05000\05887_hr.hea,read_only
5962,2,D:\UserFiles\desktop\ECGdata\ptb-xl-a-large-publicly-available-electrocardiography-dataset-1.0.3\records500\05000\05962_hr.hea,read_only
5984,1,D:\UserFiles\desktop\ECGdata\ptb-xl-a-large-publicly-available-electrocardiography-dataset-1.0.3\records500\05000\05984_hr.hea,read_only
6051,4,D:\UserFiles\desktop\ECGdata\ptb-xl-a-large-publicly-available-electrocardiography-dataset-1.0.3\records500\06000\06051_hr.hea,read_only
6102,7,D:\UserFiles\desktop\ECGdata\ptb-xl-a-large-publicly-available-electrocardiography-dataset-1.0.3\records500\06000\06102_hr.hea,read_only
6146,7,D:\UserFiles\desktop\ECGdata\ptb-xl-a-large-publicly-available-electrocardiography-dataset-1.0.3\records500\06000\06146_hr.hea,read_only
6250,4,D:\UserFiles\desktop\ECGdata\ptb-xl-a-large-publicly-available-electrocardiography-dataset-1.0.3\records500\06000\06250_hr.hea,read_only
6278,5,D:\UserFiles\desktop\ECGdata\ptb-xl-a-large-publicly-available-electrocardiography-dataset-1.0.3\records500\06000\06278_hr.hea,read_only
6347,2,D:\UserFiles\desktop\ECGdata\ptb-xl-a-large-publicly-available-electrocardiography-dataset-1.0.3\records500\06000\06347_hr.hea,read_only
6401,3,D:\UserFiles\desktop\ECGdata\ptb-xl-a-large-publicly-available-electrocardiography-dataset-1.0.3\records500\06000\06401_hr.hea,read_only
6534,5,D:\UserFiles\desktop\ECGdata\ptb-xl-a-large-publicly-available-electrocardiography-dataset-1.0.3\records500\06000\06534_hr.hea,read_only
6554,1,D:\UserFiles\desktop\ECGdata\ptb-xl-a-large-publicly-available-electrocardiography-dataset-1.0.3\records500\06000\06554_hr.hea,read_only
6611,2,D:\UserFiles\desktop\ECGdata\ptb-xl-a-large-publicly-available-electrocardiography-dataset-1.0.3\records500\06000\06611_hr.hea,read_only
6624,3,D:\UserFiles\desktop\ECGdata\ptb-xl-a-large-publicly-available-electrocardiography-dataset-1.0.3\records500\06000\06624_hr.hea,read_only
6635,8,D:\UserFiles\desktop\ECGdata\ptb-xl-a-large-publicly-available-electrocardiography-dataset-1.0.3\records500\06000\06635_hr.hea,read_only
6888,1,D:\UserFiles\desktop\ECGdata\ptb-xl-a-large-publicly-available-electrocardiography-dataset-1.0.3\records500\06000\06888_hr.hea,read_only
6930,4,D:\UserFiles\desktop\ECGdata\ptb-xl-a-large-publicly-available-electrocardiography-dataset-1.0.3\records500\06000\06930_hr.hea,read_only
7184,8,D:\UserFiles\desktop\ECGdata\ptb-xl-a-large-publicly-available-electrocardiography-dataset-1.0.3\records500\07000\07184_hr.hea,read_only
7198,4,D:\UserFiles\desktop\ECGdata\ptb-xl-a-large-publicly-available-electrocardiography-dataset-1.0.3\records500\07000\07198_hr.hea,read_only
7410,3,D:\UserFiles\desktop\ECGdata\ptb-xl-a-large-publicly-available-electrocardiography-dataset-1.0.3\records500\07000\07410_hr.hea,read_only
7420,2,D:\UserFiles\desktop\ECGdata\ptb-xl-a-large-publicly-available-electrocardiography-dataset-1.0.3\records500\07000\07420_hr.hea,read_only
7439,8,D:\UserFiles\desktop\ECGdata\ptb-xl-a-large-publicly-available-electrocardiography-dataset-1.0.3\records500\07000\07439_hr.hea,read_only
7503,7,D:\UserFiles\desktop\ECGdata\ptb-xl-a-large-publicly-available-electrocardiography-dataset-1.0.3\records500\07000\07503_hr.hea,read_only
7564,3,D:\UserFiles\desktop\ECGdata\ptb-xl-a-large-publicly-available-electrocardiography-dataset-1.0.3\records500\07000\07564_hr.hea,read_only
7659,2,D:\UserFiles\desktop\ECGdata\ptb-xl-a-large-publicly-available-electrocardiography-dataset-1.0.3\records500\07000\07659_hr.hea,read_only
7844,2,D:\UserFiles\desktop\ECGdata\ptb-xl-a-large-publicly-available-electrocardiography-dataset-1.0.3\records500\07000\07844_hr.hea,read_only
7911,8,D:\UserFiles\desktop\ECGdata\ptb-xl-a-large-publicly-available-electrocardiography-dataset-1.0.3\records500\07000\07911_hr.hea,read_only
8022,6,D:\UserFiles\desktop\ECGdata\ptb-xl-a-large-publicly-available-electrocardiography-dataset-1.0.3\records500\08000\08022_hr.hea,read_only
8049,3,D:\UserFiles\desktop\ECGdata\ptb-xl-a-large-publicly-available-electrocardiography-dataset-1.0.3\records500\08000\08049_hr.hea,read_only
8211,3,D:\UserFiles\desktop\ECGdata\ptb-xl-a-large-publicly-available-electrocardiography-dataset-1.0.3\records500\08000\08211_hr.hea,read_only
8308,7,D:\UserFiles\desktop\ECGdata\ptb-xl-a-large-publicly-available-electrocardiography-dataset-1.0.3\records500\08000\08308_hr.hea,read_only
8314,5,D:\UserFiles\desktop\ECGdata\ptb-xl-a-large-publicly-available-electrocardiography-dataset-1.0.3\records500\08000\08314_hr.hea,read_only
8315,5,D:\UserFiles\desktop\ECGdata\ptb-xl-a-large-publicly-available-electrocardiography-dataset-1.0.3\records500\08000\08315_hr.hea,read_only
8385,7,D:\UserFiles\desktop\ECGdata\ptb-xl-a-large-publicly-available-electrocardiography-dataset-1.0.3\records500\08000\08385_hr.hea,read_only
8456,2,D:\UserFiles\desktop\ECGdata\ptb-xl-a-large-publicly-available-electrocardiography-dataset-1.0.3\records500\08000\08456_hr.hea,read_only
8526,5,D:\UserFiles\desktop\ECGdata\ptb-xl-a-large-publicly-available-electrocardiography-dataset-1.0.3\records500\08000\08526_hr.hea,read_only
8649,3,D:\UserFiles\desktop\ECGdata\ptb-xl-a-large-publicly-available-electrocardiography-dataset-1.0.3\records500\08000\08649_hr.hea,read_only
8718,6,D:\UserFiles\desktop\ECGdata\ptb-xl-a-large-publicly-available-electrocardiography-dataset-1.0.3\records500\08000\08718_hr.hea,read_only
8806,6,D:\UserFiles\desktop\ECGdata\ptb-xl-a-large-publicly-available-electrocardiography-dataset-1.0.3\records500\08000\08806_hr.hea,read_only
8871,4,D:\UserFiles\desktop\ECGdata\ptb-xl-a-large-publicly-available-electrocardiography-dataset-1.0.3\records500\08000\08871_hr.hea,read_only
8878,4,D:\UserFiles\desktop\ECGdata\ptb-xl-a-large-publicly-available-electrocardiography-dataset-1.0.3\records500\08000\08878_hr.hea,read_only
8940,5,D:\UserFiles\desktop\ECGdata\ptb-xl-a-large-publicly-available-electrocardiography-dataset-1.0.3\records500\08000\08940_hr.hea,read_only
9005,8,D:\UserFiles\desktop\ECGdata\ptb-xl-a-large-publicly-available-electrocardiography-dataset-1.0.3\records500\09000\09005_hr.hea,read_only
9057,1,D:\UserFiles\desktop\ECGdata\ptb-xl-a-large-publicly-available-electrocardiography-dataset-1.0.3\records500\09000\09057_hr.hea,read_only
9112,6,D:\UserFiles\desktop\ECGdata\ptb-xl-a-large-publicly-available-electrocardiography-dataset-1.0.3\records500\09000\09112_hr.hea,read_only
9285,2,D:\UserFiles\desktop\ECGdata\ptb-xl-a-large-publicly-available-electrocardiography-dataset-1.0.3\records500\09000\09285_hr.hea,read_only
9535,3,D:\UserFiles\desktop\ECGdata\ptb-xl-a-large-publicly-available-electrocardiography-dataset-1.0.3\records500\09000\09535_hr.hea,read_only
9568,5,D:\UserFiles\desktop\ECGdata\ptb-xl-a-large-publicly-available-electrocardiography-dataset-1.0.3\records500\09000\09568_hr.hea,read_only
9605,5,D:\UserFiles\desktop\ECGdata\ptb-xl-a-large-publicly-available-electrocardiography-dataset-1.0.3\records500\09000\09605_hr.hea,read_only
9747,1,D:\UserFiles\desktop\ECGdata\ptb-xl-a-large-publicly-available-electrocardiography-dataset-1.0.3\records500\09000\09747_hr.hea,read_only
9782,2,D:\UserFiles\desktop\ECGdata\ptb-xl-a-large-publicly-available-electrocardiography-dataset-1.0.3\records500\09000\09782_hr.hea,read_only
9801,7,D:\UserFiles\desktop\ECGdata\ptb-xl-a-large-publicly-available-electrocardiography-dataset-1.0.3\records500\09000\09801_hr.hea,read_only
9805,3,D:\UserFiles\desktop\ECGdata\ptb-xl-a-large-publicly-available-electrocardiography-dataset-1.0.3\records500\09000\09805_hr.hea,read_only
9843,3,D:\UserFiles\desktop\ECGdata\ptb-xl-a-large-publicly-available-electrocardiography-dataset-1.0.3\records500\09000\09843_hr.hea,read_only
9868,3,D:\UserFiles\desktop\ECGdata\ptb-xl-a-large-publicly-available-electrocardiography-dataset-1.0.3\records500\09000\09868_hr.hea,read_only
10121,7,D:\UserFiles\desktop\ECGdata\ptb-xl-a-large-publicly-available-electrocardiography-dataset-1.0.3\records500\10000\10121_hr.hea,read_only
10129,3,D:\UserFiles\desktop\ECGdata\ptb-xl-a-large-publicly-available-electrocardiography-dataset-1.0.3\records500\10000\10129_hr.hea,read_only
10239,5,D:\UserFiles\desktop\ECGdata\ptb-xl-a-large-publicly-available-electrocardiography-dataset-1.0.3\records500\10000\10239_hr.hea,read_only
10551,7,D:\UserFiles\desktop\ECGdata\ptb-xl-a-large-publicly-available-electrocardiography-dataset-1.0.3\records500\10000\10551_hr.hea,read_only
10602,4,D:\UserFiles\desktop\ECGdata\ptb-xl-a-large-publicly-available-electrocardiography-dataset-1.0.3\records500\10000\10602_hr.hea,read_only
10672,8,D:\UserFiles\desktop\ECGdata\ptb-xl-a-large-publicly-available-electrocardiography-dataset-1.0.3\records500\10000\10672_hr.hea,read_only
10702,1,D:\UserFiles\desktop\ECGdata\ptb-xl-a-large-publicly-available-electrocardiography-dataset-1.0.3\records500\10000\10702_hr.hea,read_only
10703,2,D:\UserFiles\desktop\ECGdata\ptb-xl-a-large-publicly-available-electrocardiography-dataset-1.0.3\records500\10000\10703_hr.hea,read_only
10746,1,D:\UserFiles\desktop\ECGdata\ptb-xl-a-large-publicly-available-electrocardiography-dataset-1.0.3\records500\10000\10746_hr.hea,read_only
10811,2,D:\UserFiles\desktop\ECGdata\ptb-xl-a-large-publicly-available-electrocardiography-dataset-1.0.3\records500\10000\10811_hr.hea,read_only
10907,7,D:\UserFiles\desktop\ECGdata\ptb-xl-a-large-publicly-available-electrocardiography-dataset-1.0.3\records500\10000\10907_hr.hea,read_only
10971,3,D:\UserFiles\desktop\ECGdata\ptb-xl-a-large-publicly-available-electrocardiography-dataset-1.0.3\records500\10000\10971_hr.hea,read_only
10989,5,D:\UserFiles\desktop\ECGdata\ptb-xl-a-large-publicly-available-electrocardiography-dataset-1.0.3\records500\10000\10989_hr.hea,read_only
10992,5,D:\UserFiles\desktop\ECGdata\ptb-xl-a-large-publicly-available-electrocardiography-dataset-1.0.3\records500\10000\10992_hr.hea,read_only
11011,1,D:\UserFiles\desktop\ECGdata\ptb-xl-a-large-publicly-available-electrocardiography-dataset-1.0.3\records500\11000\11011_hr.hea,read_only
11163,2,D:\UserFiles\desktop\ECGdata\ptb-xl-a-large-publicly-available-electrocardiography-dataset-1.0.3\records500\11000\11163_hr.hea,read_only
11337,4,D:\UserFiles\desktop\ECGdata\ptb-xl-a-large-publicly-available-electrocardiography-dataset-1.0.3\records500\11000\11337_hr.hea,read_only
11338,8,D:\UserFiles\desktop\ECGdata\ptb-xl-a-large-publicly-available-electrocardiography-dataset-1.0.3\records500\11000\11338_hr.hea,read_only
11404,6,D:\UserFiles\desktop\ECGdata\ptb-xl-a-large-publicly-available-electrocardiography-dataset-1.0.3\records500\11000\11404_hr.hea,read_only
11518,5,D:\UserFiles\desktop\ECGdata\ptb-xl-a-large-publicly-available-electrocardiography-dataset-1.0.3\records500\11000\11518_hr.hea,read_only
11526,1,D:\UserFiles\desktop\ECGdata\ptb-xl-a-large-publicly-available-electrocardiography-dataset-1.0.3\records500\11000\11526_hr.hea,read_only
11598,7,D:\UserFiles\desktop\ECGdata\ptb-xl-a-large-publicly-available-electrocardiography-dataset-1.0.3\records500\11000\11598_hr.hea,read_only
11707,6,D:\UserFiles\desktop\ECGdata\ptb-xl-a-large-publicly-available-electrocardiography-dataset-1.0.3\records500\11000\11707_hr.hea,read_only
11906,8,D:\UserFiles\desktop\ECGdata\ptb-xl-a-large-publicly-available-electrocardiography-dataset-1.0.3\records500\11000\11906_hr.hea,read_only
11920,5,D:\UserFiles\desktop\ECGdata\ptb-xl-a-large-publicly-available-electrocardiography-dataset-1.0.3\records500\11000\11920_hr.hea,read_only
11924,1,D:\UserFiles\desktop\ECGdata\ptb-xl-a-large-publicly-available-electrocardiography-dataset-1.0.3\records500\11000\11924_hr.hea,read_only
11961,4,D:\UserFiles\desktop\ECGdata\ptb-xl-a-large-publicly-available-electrocardiography-dataset-1.0.3\records500\11000\11961_hr.hea,read_only
12064,7,D:\UserFiles\desktop\ECGdata\ptb-xl-a-large-publicly-available-electrocardiography-dataset-1.0.3\records500\12000\12064_hr.hea,read_only
12087,2,D:\UserFiles\desktop\ECGdata\ptb-xl-a-large-publicly-available-electrocardiography-dataset-1.0.3\records500\12000\12087_hr.hea,read_only
12118,7,D:\UserFiles\desktop\ECGdata\ptb-xl-a-large-publicly-available-electrocardiography-dataset-1.0.3\records500\12000\12118_hr.hea,read_only
12255,7,D:\UserFiles\desktop\ECGdata\ptb-xl-a-large-publicly-available-electrocardiography-dataset-1.0.3\records500\12000\12255_hr.hea,read_only
12320,8,D:\UserFiles\desktop\ECGdata\ptb-xl-a-large-publicly-available-electrocardiography-dataset-1.0.3\records500\12000\12320_hr.hea,read_only
12379,6,D:\UserFiles\desktop\ECGdata\ptb-xl-a-large-publicly-available-electrocardiography-dataset-1.0.3\records500\12000\12379_hr.hea,read_only
12434,4,D:\UserFiles\desktop\ECGdata\ptb-xl-a-large-publicly-available-electrocardiography-dataset-1.0.3\records500\12000\12434_hr.hea,read_only
12628,3,D:\UserFiles\desktop\ECGdata\ptb-xl-a-large-publicly-available-electrocardiography-dataset-1.0.3\records500\12000\12628_hr.hea,read_only
12663,1,D:\UserFiles\desktop\ECGdata\ptb-xl-a-large-publicly-available-electrocardiography-dataset-1.0.3\records500\12000\12663_hr.hea,read_only
12706,3,D:\UserFiles\desktop\ECGdata\ptb-xl-a-large-publicly-available-electrocardiography-dataset-1.0.3\records500\12000\12706_hr.hea,read_only
12736,4,D:\UserFiles\desktop\ECGdata\ptb-xl-a-large-publicly-available-electrocardiography-dataset-1.0.3\records500\12000\12736_hr.hea,read_only
12781,3,D:\UserFiles\desktop\ECGdata\ptb-xl-a-large-publicly-available-electrocardiography-dataset-1.0.3\records500\12000\12781_hr.hea,read_only
12840,7,D:\UserFiles\desktop\ECGdata\ptb-xl-a-large-publicly-available-electrocardiography-dataset-1.0.3\records500\12000\12840_hr.hea,read_only
12845,8,D:\UserFiles\desktop\ECGdata\ptb-xl-a-large-publicly-available-electrocardiography-dataset-1.0.3\records500\12000\12845_hr.hea,read_only
12884,2,D:\UserFiles\desktop\ECGdata\ptb-xl-a-large-publicly-available-electrocardiography-dataset-1.0.3\records500\12000\12884_hr.hea,read_only
12887,6,D:\UserFiles\desktop\ECGdata\ptb-xl-a-large-publicly-available-electrocardiography-dataset-1.0.3\records500\12000\12887_hr.hea,read_only
12904,7,D:\UserFiles\desktop\ECGdata\ptb-xl-a-large-publicly-available-electrocardiography-dataset-1.0.3\records500\12000\12904_hr.hea,read_only
12954,5,D:\UserFiles\desktop\ECGdata\ptb-xl-a-large-publicly-available-electrocardiography-dataset-1.0.3\records500\12000\12954_hr.hea,read_only
12970,5,D:\UserFiles\desktop\ECGdata\ptb-xl-a-large-publicly-available-electrocardiography-dataset-1.0.3\records500\12000\12970_hr.hea,read_only
13074,6,D:\UserFiles\desktop\ECGdata\ptb-xl-a-large-publicly-available-electrocardiography-dataset-1.0.3\records500\13000\13074_hr.hea,read_only
13651,8,D:\UserFiles\desktop\ECGdata\ptb-xl-a-large-publicly-available-electrocardiography-dataset-1.0.3\records500\13000\13651_hr.hea,read_only
13661,2,D:\UserFiles\desktop\ECGdata\ptb-xl-a-large-publicly-available-electrocardiography-dataset-1.0.3\records500\13000\13661_hr.hea,read_only
13837,7,D:\UserFiles\desktop\ECGdata\ptb-xl-a-large-publicly-available-electrocardiography-dataset-1.0.3\records500\13000\13837_hr.hea,read_only
13919,1,D:\UserFiles\desktop\ECGdata\ptb-xl-a-large-publicly-available-electrocardiography-dataset-1.0.3\records500\13000\13919_hr.hea,read_only
14295,6,D:\UserFiles\desktop\ECGdata\ptb-xl-a-large-publicly-available-electrocardiography-dataset-1.0.3\records500\14000\14295_hr.hea,read_only
14351,5,D:\UserFiles\desktop\ECGdata\ptb-xl-a-large-publicly-available-electrocardiography-dataset-1.0.3\records500\14000\14351_hr.hea,read_only
14398,2,D:\UserFiles\desktop\ECGdata\ptb-xl-a-large-publicly-available-electrocardiography-dataset-1.0.3\records500\14000\14398_hr.hea,read_only
14452,6,D:\UserFiles\desktop\ECGdata\ptb-xl-a-large-publicly-available-electrocardiography-dataset-1.0.3\records500\14000\14452_hr.hea,read_only
14453,1,D:\UserFiles\desktop\ECGdata\ptb-xl-a-large-publicly-available-electrocardiography-dataset-1.0.3\records500\14000\14453_hr.hea,read_only
14463,4,D:\UserFiles\desktop\ECGdata\ptb-xl-a-large-publicly-available-electrocardiography-dataset-1.0.3\records500\14000\14463_hr.hea,read_only
14470,8,D:\UserFiles\desktop\ECGdata\ptb-xl-a-large-publicly-available-electrocardiography-dataset-1.0.3\records500\14000\14470_hr.hea,read_only
14521,8,D:\UserFiles\desktop\ECGdata\ptb-xl-a-large-publicly-available-electrocardiography-dataset-1.0.3\records500\14000\14521_hr.hea,read_only
14664,2,D:\UserFiles\desktop\ECGdata\ptb-xl-a-large-publicly-available-electrocardiography-dataset-1.0.3\records500\14000\14664_hr.hea,read_only
14712,8,D:\UserFiles\desktop\ECGdata\ptb-xl-a-large-publicly-available-electrocardiography-dataset-1.0.3\records500\14000\14712_hr.hea,read_only
14717,5,D:\UserFiles\desktop\ECGdata\ptb-xl-a-large-publicly-available-electrocardiography-dataset-1.0.3\records500\14000\14717_hr.hea,read_only
14801,8,D:\UserFiles\desktop\ECGdata\ptb-xl-a-large-publicly-available-electrocardiography-dataset-1.0.3\records500\14000\14801_hr.hea,read_only
14905,6,D:\UserFiles\desktop\ECGdata\ptb-xl-a-large-publicly-available-electrocardiography-dataset-1.0.3\records500\14000\14905_hr.hea,read_only
15048,7,D:\UserFiles\desktop\ECGdata\ptb-xl-a-large-publicly-available-electrocardiography-dataset-1.0.3\records500\15000\15048_hr.hea,read_only
15174,5,D:\UserFiles\desktop\ECGdata\ptb-xl-a-large-publicly-available-electrocardiography-dataset-1.0.3\records500\15000\15174_hr.hea,read_only
15225,6,D:\UserFiles\desktop\ECGdata\ptb-xl-a-large-publicly-available-electrocardiography-dataset-1.0.3\records500\15000\15225_hr.hea,read_only
15282,3,D:\UserFiles\desktop\ECGdata\ptb-xl-a-large-publicly-available-electrocardiography-dataset-1.0.3\records500\15000\15282_hr.hea,read_only
15288,8,D:\UserFiles\desktop\ECGdata\ptb-xl-a-large-publicly-available-electrocardiography-dataset-1.0.3\records500\15000\15288_hr.hea,read_only
15307,6,D:\UserFiles\desktop\ECGdata\ptb-xl-a-large-publicly-available-electrocardiography-dataset-1.0.3\records500\15000\15307_hr.hea,read_only
15412,6,D:\UserFiles\desktop\ECGdata\ptb-xl-a-large-publicly-available-electrocardiography-dataset-1.0.3\records500\15000\15412_hr.hea,read_only
15565,8,D:\UserFiles\desktop\ECGdata\ptb-xl-a-large-publicly-available-electrocardiography-dataset-1.0.3\records500\15000\15565_hr.hea,read_only
15625,6,D:\UserFiles\desktop\ECGdata\ptb-xl-a-large-publicly-available-electrocardiography-dataset-1.0.3\records500\15000\15625_hr.hea,read_only
15655,2,D:\UserFiles\desktop\ECGdata\ptb-xl-a-large-publicly-available-electrocardiography-dataset-1.0.3\records500\15000\15655_hr.hea,read_only
15932,6,D:\UserFiles\desktop\ECGdata\ptb-xl-a-large-publicly-available-electrocardiography-dataset-1.0.3\records500\15000\15932_hr.hea,read_only
15940,7,D:\UserFiles\desktop\ECGdata\ptb-xl-a-large-publicly-available-electrocardiography-dataset-1.0.3\records500\15000\15940_hr.hea,read_only
15974,5,D:\UserFiles\desktop\ECGdata\ptb-xl-a-large-publicly-available-electrocardiography-dataset-1.0.3\records500\15000\15974_hr.hea,read_only
15982,6,D:\UserFiles\desktop\ECGdata\ptb-xl-a-large-publicly-available-electrocardiography-dataset-1.0.3\records500\15000\15982_hr.hea,read_only
16036,4,D:\UserFiles\desktop\ECGdata\ptb-xl-a-large-publicly-available-electrocardiography-dataset-1.0.3\records500\16000\16036_hr.hea,read_only
16063,3,D:\UserFiles\desktop\ECGdata\ptb-xl-a-large-publicly-available-electrocardiography-dataset-1.0.3\records500\16000\16063_hr.hea,read_only
16102,7,D:\UserFiles\desktop\ECGdata\ptb-xl-a-large-publicly-available-electrocardiography-dataset-1.0.3\records500\16000\16102_hr.hea,read_only
16181,2,D:\UserFiles\desktop\ECGdata\ptb-xl-a-large-publicly-available-electrocardiography-dataset-1.0.3\records500\16000\16181_hr.hea,read_only
16370,4,D:\UserFiles\desktop\ECGdata\ptb-xl-a-large-publicly-available-electrocardiography-dataset-1.0.3\records500\16000\16370_hr.hea,read_only
16383,6,D:\UserFiles\desktop\ECGdata\ptb-xl-a-large-publicly-available-electrocardiography-dataset-1.0.3\records500\16000\16383_hr.hea,read_only
16689,7,D:\UserFiles\desktop\ECGdata\ptb-xl-a-large-publicly-available-electrocardiography-dataset-1.0.3\records500\16000\16689_hr.hea,read_only
16771,6,D:\UserFiles\desktop\ECGdata\ptb-xl-a-large-publicly-available-electrocardiography-dataset-1.0.3\records500\16000\16771_hr.hea,read_only
16837,2,D:\UserFiles\desktop\ECGdata\ptb-xl-a-large-publicly-available-electrocardiography-dataset-1.0.3\records500\16000\16837_hr.hea,read_only
16977,3,D:\UserFiles\desktop\ECGdata\ptb-xl-a-large-publicly-available-electrocardiography-dataset-1.0.3\records500\16000\16977_hr.hea,read_only
17018,7,D:\UserFiles\desktop\ECGdata\ptb-xl-a-large-publicly-available-electrocardiography-dataset-1.0.3\records500\17000\17018_hr.hea,read_only
17046,2,D:\UserFiles\desktop\ECGdata\ptb-xl-a-large-publicly-available-electrocardiography-dataset-1.0.3\records500\17000\17046_hr.hea,read_only
17436,2,D:\UserFiles\desktop\ECGdata\ptb-xl-a-large-publicly-available-electrocardiography-dataset-1.0.3\records500\17000\17436_hr.hea,read_only
17544,3,D:\UserFiles\desktop\ECGdata\ptb-xl-a-large-publicly-available-electrocardiography-dataset-1.0.3\records500\17000\17544_hr.hea,read_only
17554,5,D:\UserFiles\desktop\ECGdata\ptb-xl-a-large-publicly-available-electrocardiography-dataset-1.0.3\records500\17000\17554_hr.hea,read_only
17555,3,D:\UserFiles\desktop\ECGdata\ptb-xl-a-large-publicly-available-electrocardiography-dataset-1.0.3\records500\17000\17555_hr.hea,read_only
17598,8,D:\UserFiles\desktop\ECGdata\ptb-xl-a-large-publicly-available-electrocardiography-dataset-1.0.3\records500\17000\17598_hr.hea,read_only
17605,8,D:\UserFiles\desktop\ECGdata\ptb-xl-a-large-publicly-available-electrocardiography-dataset-1.0.3\records500\17000\17605_hr.hea,read_only
17652,3,D:\UserFiles\desktop\ECGdata\ptb-xl-a-large-publicly-available-electrocardiography-dataset-1.0.3\records500\17000\17652_hr.hea,read_only
17745,1,D:\UserFiles\desktop\ECGdata\ptb-xl-a-large-publicly-available-electrocardiography-dataset-1.0.3\records500\17000\17745_hr.hea,read_only
17773,3,D:\UserFiles\desktop\ECGdata\ptb-xl-a-large-publicly-available-electrocardiography-dataset-1.0.3\records500\17000\17773_hr.hea,read_only
17800,7,D:\UserFiles\desktop\ECGdata\ptb-xl-a-large-publicly-available-electrocardiography-dataset-1.0.3\records500\17000\17800_hr.hea,read_only
17859,3,D:\UserFiles\desktop\ECGdata\ptb-xl-a-large-publicly-available-electrocardiography-dataset-1.0.3\records500\17000\17859_hr.hea,read_only
17896,5,D:\UserFiles\desktop\ECGdata\ptb-xl-a-large-publicly-available-electrocardiography-dataset-1.0.3\records500\17000\17896_hr.hea,read_only
17907,1,D:\UserFiles\desktop\ECGdata\ptb-xl-a-large-publicly-available-electrocardiography-dataset-1.0.3\records500\17000\17907_hr.hea,read_only
18014,4,D:\UserFiles\desktop\ECGdata\ptb-xl-a-large-publicly-available-electrocardiography-dataset-1.0.3\records500\18000\18014_hr.hea,read_only
18030,3,D:\UserFiles\desktop\ECGdata\ptb-xl-a-large-publicly-available-electrocardiography-dataset-1.0.3\records500\18000\18030_hr.hea,read_only
18031,6,D:\UserFiles\desktop\ECGdata\ptb-xl-a-large-publicly-available-electrocardiography-dataset-1.0.3\records500\18000\18031_hr.hea,read_only
18066,7,D:\UserFiles\desktop\ECGdata\ptb-xl-a-large-publicly-available-electrocardiography-dataset-1.0.3\records500\18000\18066_hr.hea,read_only
18147,7,D:\UserFiles\desktop\ECGdata\ptb-xl-a-large-publicly-available-electrocardiography-dataset-1.0.3\records500\18000\18147_hr.hea,read_only
18257,8,D:\UserFiles\desktop\ECGdata\ptb-xl-a-large-publicly-available-electrocardiography-dataset-1.0.3\records500\18000\18257_hr.hea,read_only
18353,8,D:\UserFiles\desktop\ECGdata\ptb-xl-a-large-publicly-available-electrocardiography-dataset-1.0.3\records500\18000\18353_hr.hea,read_only
18429,3,D:\UserFiles\desktop\ECGdata\ptb-xl-a-large-publicly-available-electrocardiography-dataset-1.0.3\records500\18000\18429_hr.hea,read_only
18517,7,D:\UserFiles\desktop\ECGdata\ptb-xl-a-large-publicly-available-electrocardiography-dataset-1.0.3\records500\18000\18517_hr.hea,read_only
18572,1,D:\UserFiles\desktop\ECGdata\ptb-xl-a-large-publicly-available-electrocardiography-dataset-1.0.3\records500\18000\18572_hr.hea,read_only
18679,2,D:\UserFiles\desktop\ECGdata\ptb-xl-a-large-publicly-available-electrocardiography-dataset-1.0.3\records500\18000\18679_hr.hea,read_only
18726,8,D:\UserFiles\desktop\ECGdata\ptb-xl-a-large-publicly-available-electrocardiography-dataset-1.0.3\records500\18000\18726_hr.hea,read_only
18768,8,D:\UserFiles\desktop\ECGdata\ptb-xl-a-large-publicly-available-electrocardiography-dataset-1.0.3\records500\18000\18768_hr.hea,read_only
18835,4,D:\UserFiles\desktop\ECGdata\ptb-xl-a-large-publicly-available-electrocardiography-dataset-1.0.3\records500\18000\18835_hr.hea,read_only
19020,8,D:\UserFiles\desktop\ECGdata\ptb-xl-a-large-publicly-available-electrocardiography-dataset-1.0.3\records500\19000\19020_hr.hea,read_only
19027,8,D:\UserFiles\desktop\ECGdata\ptb-xl-a-large-publicly-available-electrocardiography-dataset-1.0.3\records500\19000\19027_hr.hea,read_only
19035,1,D:\UserFiles\desktop\ECGdata\ptb-xl-a-large-publicly-available-electrocardiography-dataset-1.0.3\records500\19000\19035_hr.hea,read_only
19087,8,D:\UserFiles\desktop\ECGdata\ptb-xl-a-large-publicly-available-electrocardiography-dataset-1.0.3\records500\19000\19087_hr.hea,read_only
19122,4,D:\UserFiles\desktop\ECGdata\ptb-xl-a-large-publicly-available-electrocardiography-dataset-1.0.3\records500\19000\19122_hr.hea,read_only
19248,1,D:\UserFiles\desktop\ECGdata\ptb-xl-a-large-publicly-available-electrocardiography-dataset-1.0.3\records500\19000\19248_hr.hea,read_only
19307,7,D:\UserFiles\desktop\ECGdata\ptb-xl-a-large-publicly-available-electrocardiography-dataset-1.0.3\records500\19000\19307_hr.hea,read_only
19308,2,D:\UserFiles\desktop\ECGdata\ptb-xl-a-large-publicly-available-electrocardiography-dataset-1.0.3\records500\19000\19308_hr.hea,read_only
19331,1,D:\UserFiles\desktop\ECGdata\ptb-xl-a-large-publicly-available-electrocardiography-dataset-1.0.3\records500\19000\19331_hr.hea,read_only
19373,4,D:\UserFiles\desktop\ECGdata\ptb-xl-a-large-publicly-available-electrocardiography-dataset-1.0.3\records500\19000\19373_hr.hea,read_only
19489,1,D:\UserFiles\desktop\ECGdata\ptb-xl-a-large-publicly-available-electrocardiography-dataset-1.0.3\records500\19000\19489_hr.hea,read_only
19493,1,D:\UserFiles\desktop\ECGdata\ptb-xl-a-large-publicly-available-electrocardiography-dataset-1.0.3\records500\19000\19493_hr.hea,read_only
19505,2,D:\UserFiles\desktop\ECGdata\ptb-xl-a-large-publicly-available-electrocardiography-dataset-1.0.3\records500\19000\19505_hr.hea,read_only
19574,6,D:\UserFiles\desktop\ECGdata\ptb-xl-a-large-publicly-available-electrocardiography-dataset-1.0.3\records500\19000\19574_hr.hea,read_only
19635,5,D:\UserFiles\desktop\ECGdata\ptb-xl-a-large-publicly-available-electrocardiography-dataset-1.0.3\records500\19000\19635_hr.hea,read_only
19708,2,D:\UserFiles\desktop\ECGdata\ptb-xl-a-large-publicly-available-electrocardiography-dataset-1.0.3\records500\19000\19708_hr.hea,read_only
19753,6,D:\UserFiles\desktop\ECGdata\ptb-xl-a-large-publicly-available-electrocardiography-dataset-1.0.3\records500\19000\19753_hr.hea,read_only
19819,8,D:\UserFiles\desktop\ECGdata\ptb-xl-a-large-publicly-available-electrocardiography-dataset-1.0.3\records500\19000\19819_hr.hea,read_only
19830,2,D:\UserFiles\desktop\ECGdata\ptb-xl-a-large-publicly-available-electrocardiography-dataset-1.0.3\records500\19000\19830_hr.hea,read_only
19835,3,D:\UserFiles\desktop\ECGdata\ptb-xl-a-large-publicly-available-electrocardiography-dataset-1.0.3\records500\19000\19835_hr.hea,read_only
19895,4,D:\UserFiles\desktop\ECGdata\ptb-xl-a-large-publicly-available-electrocardiography-dataset-1.0.3\records500\19000\19895_hr.hea,read_only
20221,3,D:\UserFiles\desktop\ECGdata\ptb-xl-a-large-publicly-available-electrocardiography-dataset-1.0.3\records500\20000\20221_hr.hea,read_only
20397,7,D:\UserFiles\desktop\ECGdata\ptb-xl-a-large-publicly-available-electrocardiography-dataset-1.0.3\records500\20000\20397_hr.hea,read_only
20538,5,D:\UserFiles\desktop\ECGdata\ptb-xl-a-large-publicly-available-electrocardiography-dataset-1.0.3\records500\20000\20538_hr.hea,read_only
20601,5,D:\UserFiles\desktop\ECGdata\ptb-xl-a-large-publicly-available-electrocardiography-dataset-1.0.3\records500\20000\20601_hr.hea,read_only
20607,3,D:\UserFiles\desktop\ECGdata\ptb-xl-a-large-publicly-available-electrocardiography-dataset-1.0.3\records500\20000\20607_hr.hea,read_only
20692,4,D:\UserFiles\desktop\ECGdata\ptb-xl-a-large-publicly-available-electrocardiography-dataset-1.0.3\records500\20000\20692_hr.hea,read_only
20897,3,D:\UserFiles\desktop\ECGdata\ptb-xl-a-large-publicly-available-electrocardiography-dataset-1.0.3\records500\20000\20897_hr.hea,read_only
20907,8,D:\UserFiles\desktop\ECGdata\ptb-xl-a-large-publicly-available-electrocardiography-dataset-1.0.3\records500\20000\20907_hr.hea,read_only
21076,7,D:\UserFiles\desktop\ECGdata\ptb-xl-a-large-publicly-available-electrocardiography-dataset-1.0.3\records500\21000\21076_hr.hea,read_only
21238,5,D:\UserFiles\desktop\ECGdata\ptb-xl-a-large-publicly-available-electrocardiography-dataset-1.0.3\records500\21000\21238_hr.hea,read_only
21285,5,D:\UserFiles\desktop\ECGdata\ptb-xl-a-large-publicly-available-electrocardiography-dataset-1.0.3\records500\21000\21285_hr.hea,read_only
21315,5,D:\UserFiles\desktop\ECGdata\ptb-xl-a-large-publicly-available-electrocardiography-dataset-1.0.3\records500\21000\21315_hr.hea,read_only
21537,3,D:\UserFiles\desktop\ECGdata\ptb-xl-a-large-publicly-available-electrocardiography-dataset-1.0.3\records500\21000\21537_hr.hea,read_only
21664,8,D:\UserFiles\desktop\ECGdata\ptb-xl-a-large-publicly-available-electrocardiography-dataset-1.0.3\records500\21000\21664_hr.hea,read_only
21772,7,D:\UserFiles\desktop\ECGdata\ptb-xl-a-large-publicly-available-electrocardiography-dataset-1.0.3\records500\21000\21772_hr.hea,read_only
21775,1,D:\UserFiles\desktop\ECGdata\ptb-xl-a-large-publicly-available-electrocardiography-dataset-1.0.3\records500\21000\21775_hr.hea,read_only
