stage,cohort,scheme,seed,comparison,n,delta_auroc,auroc_low,auroc_high,delta_balanced_accuracy,ba_low,ba_high
stage1,all300,exploratory,0,B-A,300,0.006266666666666754,-0.006804444444444363,0.019692222222222305,0.020000000000000018,-0.0033333333333332993,0.046666666666666634
stage1,all300,exploratory,0,C-B,300,-0.0019111111111111967,-0.011071111111111115,0.005422222222222217,0.0033333333333334103,-0.013333333333333197,0.01666666666666672
stage1,all300,exploratory,7001,B-A,300,0.006266666666666754,-0.006804444444444363,0.019692222222222305,0.020000000000000018,-0.0033333333333332993,0.046666666666666634
stage1,all300,exploratory,7001,C-B,300,-0.005333333333333412,-0.011066666666666669,-0.0005777777777777882,-0.013333333333333308,-0.030000000000000027,1.1102230246251565e-16
stage1,all300,exploratory,7001,original_C-minus-shuffled_C,300,0.0034222222222222154,-0.004577777777777792,0.010892222222222277,0.01666666666666672,0.0,0.03341666666666669
stage1,all300,exploratory,7002,B-A,300,0.006266666666666754,-0.006804444444444363,0.019692222222222305,0.020000000000000018,-0.0033333333333332993,0.046666666666666634
stage1,all300,exploratory,7002,C-B,300,-8.88888888889161e-05,-0.0060444444444444105,0.005022222222222153,0.0,-0.010000000000000009,0.010000000000000009
stage1,all300,exploratory,7002,original_C-minus-shuffled_C,300,-0.0018222222222222806,-0.009156666666666586,0.0044000000000000705,0.0033333333333334103,-0.013333333333333197,0.019999999999999907
stage1,all300,exploratory,7003,B-A,300,0.006266666666666754,-0.006804444444444363,0.019692222222222305,0.020000000000000018,-0.0033333333333332993,0.046666666666666634
stage1,all300,exploratory,7003,C-B,300,0.0011555555555554653,-0.004044444444444406,0.0065777777777777935,-0.013333333333333308,-0.026666666666666727,-0.0033333333333332993
stage1,all300,exploratory,7003,original_C-minus-shuffled_C,300,-0.003066666666666662,-0.010312222222222162,0.0032911111111111175,0.01666666666666672,0.0,0.03333333333333344
stage1,all300,exploratory,7004,B-A,300,0.006266666666666754,-0.006804444444444363,0.019692222222222305,0.020000000000000018,-0.0033333333333332993,0.046666666666666634
stage1,all300,exploratory,7004,C-B,300,-0.004577777777777792,-0.01013444444444444,0.0003555555555555534,-0.010000000000000009,-0.023416666666666752,0.0033333333333332993
stage1,all300,exploratory,7004,original_C-minus-shuffled_C,300,0.002666666666666595,-0.0032911111111111196,0.00822444444444446,0.01333333333333342,-0.0033333333333332993,0.030000000000000027
stage1,all300,exploratory,7005,B-A,300,0.006266666666666754,-0.006804444444444363,0.019692222222222305,0.020000000000000018,-0.0033333333333332993,0.046666666666666634
stage1,all300,exploratory,7005,C-B,300,-0.0019555555555555992,-0.00755555555555554,0.0027133333333333293,-0.0033333333333332993,-0.01333333333333342,0.00666666666666671
stage1,all300,exploratory,7005,original_C-minus-shuffled_C,300,4.444444444440254e-05,-0.006270000000000084,0.005778888888888879,0.00666666666666671,-0.00666666666666671,0.020000000000000018
stage1,all300,strict,0,B-A,67,0.010476190476190417,-0.019047619047618983,0.0485714285714286,0.011904761904761862,0.0,0.03571428571428581
stage1,all300,strict,0,C-B,67,0.0009523809523809268,-0.014285714285714235,0.016214285714285702,0.0,0.0,0.0
stage1,all300,strict,7001,B-A,67,0.010476190476190417,-0.019047619047618983,0.0485714285714286,0.011904761904761862,0.0,0.03571428571428581
stage1,all300,strict,7001,C-B,67,-0.011428571428571455,-0.02954761904761914,0.0009523809523809268,-0.039999999999999925,-0.09999999999999998,0.0
stage1,all300,strict,7001,original_C-minus-shuffled_C,67,0.012380952380952381,0.0009523809523809268,0.03142857142857136,0.039999999999999925,0.0,0.09999999999999998
stage1,all300,strict,7002,B-A,67,0.010476190476190417,-0.019047619047618983,0.0485714285714286,0.011904761904761862,0.0,0.03571428571428581
stage1,all300,strict,7002,C-B,67,-0.003809523809523818,-0.02002380952380954,0.008571428571428567,0.0,0.0,0.0
stage1,all300,strict,7002,original_C-minus-shuffled_C,67,0.004761904761904745,-0.00666666666666671,0.020000000000000018,0.0,0.0,0.0
stage1,all300,strict,7003,B-A,67,0.010476190476190417,-0.019047619047618983,0.0485714285714286,0.011904761904761862,0.0,0.03571428571428581
stage1,all300,strict,7003,C-B,67,0.0,-0.010500000000000047,0.010476190476190528,0.0,0.0,0.0
stage1,all300,strict,7003,original_C-minus-shuffled_C,67,0.0009523809523809268,-0.011428571428571344,0.013333333333333308,0.0,0.0,0.0
stage1,all300,strict,7004,B-A,67,0.010476190476190417,-0.019047619047618983,0.0485714285714286,0.011904761904761862,0.0,0.03571428571428581
stage1,all300,strict,7004,C-B,67,-0.004761904761904745,-0.02288095238095232,0.010476190476190417,-0.019999999999999907,-0.06000000000000005,0.0
stage1,all300,strict,7004,original_C-minus-shuffled_C,67,0.005714285714285672,0.0,0.01904761904761909,0.019999999999999907,0.0,0.06000000000000005
stage1,all300,strict,7005,B-A,67,0.010476190476190417,-0.019047619047618983,0.0485714285714286,0.011904761904761862,0.0,0.03571428571428581
stage1,all300,strict,7005,C-B,67,-0.0009523809523809268,-0.015238095238095273,0.011428571428571455,-0.011904761904761862,-0.03571428571428581,0.0
stage1,all300,strict,7005,original_C-minus-shuffled_C,67,0.0019047619047618536,-0.007619047619047528,0.011452380952380957,0.011904761904761862,0.0,0.03571428571428581
stage1,common_valid,exploratory,0,B-A,285,0.008623238395584876,-0.0053747413028481655,0.022175273479846255,0.007194244604316613,-0.01746821720705616,0.03203348280279895
stage1,common_valid,exploratory,0,C-B,285,-0.002217404158864622,-0.011483689760520364,0.0058650340001970966,0.003597122302158251,-0.010791366906474864,0.017985611510791477
stage1,common_valid,exploratory,7001,B-A,285,0.008623238395584876,-0.0053747413028481655,0.022175273479846255,0.007194244604316613,-0.01746821720705616,0.03203348280279895
stage1,common_valid,exploratory,7001,C-B,285,-0.005814526461022873,-0.011730068000394198,-0.0006393515324726467,-0.007021779836404951,-0.021237804277126182,0.007194244604316502
stage1,common_valid,exploratory,7001,original_C-minus-shuffled_C,285,0.003597122302158251,-0.004682418448802561,0.012173548832167229,0.010618902138563202,-0.003597122302158362,0.02517985611510798
stage1,common_valid,exploratory,7002,B-A,285,0.008623238395584876,-0.0053747413028481655,0.022175273479846255,0.007194244604316613,-0.01746821720705616,0.03203348280279895
stage1,common_valid,exploratory,7002,C-B,285,0.0004927564797477801,-0.005124667389376225,0.005963585296146697,0.003597122302158251,-0.010791366906474864,0.017985611510791477
stage1,common_valid,exploratory,7002,original_C-minus-shuffled_C,285,-0.002710160638612402,-0.009415344436779343,0.003943283729181054,0.0,-0.017985611510791366,0.017985611510791366
stage1,common_valid,exploratory,7003,B-A,285,0.008623238395584876,-0.0053747413028481655,0.022175273479846255,0.007194244604316613,-0.01746821720705616,0.03203348280279895
stage1,common_valid,exploratory,7003,C-B,285,0.0007391347196216147,-0.004583867152853069,0.005913077756972476,-0.010791366906474864,-0.025179856115107868,0.0
stage1,common_valid,exploratory,7003,original_C-minus-shuffled_C,285,-0.0029565388784862368,-0.011136296442298192,0.004188430077855521,0.014388489208633115,-8.992805755395116e-05,0.03237410071942448
stage1,common_valid,exploratory,7004,B-A,285,0.008623238395584876,-0.0053747413028481655,0.022175273479846255,0.007194244604316613,-0.01746821720705616,0.03203348280279895
stage1,common_valid,exploratory,7004,C-B,285,-0.004237705725830265,-0.010253030452350447,0.0014831970040405911,-0.003597122302158362,-0.010791366906474864,0.0
stage1,common_valid,exploratory,7004,original_C-minus-shuffled_C,285,0.0020203015669656432,-0.0038927761900069413,0.00783482802798852,0.007194244604316613,-0.007194244604316502,0.021582733812949728
stage1,common_valid,exploratory,7005,B-A,285,0.008623238395584876,-0.0053747413028481655,0.022175273479846255,0.007194244604316613,-0.01746821720705616,0.03203348280279895
stage1,common_valid,exploratory,7005,C-B,285,-0.0016753720311422082,-0.00719670838671535,0.003744949246082596,0.003597122302158251,-0.010791366906474864,0.017985611510791477
stage1,common_valid,exploratory,7005,original_C-minus-shuffled_C,285,-0.0005420321277224138,-0.006753227554942426,0.005372277520449427,0.0,-0.010791366906474864,0.010791366906474753
stage1,common_valid,strict,0,B-A,63,0.01413043478260867,-0.008695652173912993,0.04239130434782612,0.012499999999999956,-0.05271739130434794,0.07188858695652163
stage1,common_valid,strict,0,C-B,63,-0.0021739130434782483,-0.011956521739130421,0.005434782608695676,0.021739130434782705,0.0,0.0652173913043479
stage1,common_valid,strict,7001,B-A,63,0.01413043478260867,-0.008695652173912993,0.04239130434782612,0.012499999999999956,-0.05271739130434794,0.07188858695652163
stage1,common_valid,strict,7001,C-B,63,-0.008695652173912993,-0.023913043478260843,0.003260869565217428,-0.021739130434782483,-0.06576086956521743,0.0
stage1,common_valid,strict,7001,original_C-minus-shuffled_C,63,0.006521739130434745,-0.004347826086956497,0.022826086956521774,0.04347826086956519,0.0,0.10869565217391308
stage1,common_valid,strict,7002,B-A,63,0.01413043478260867,-0.008695652173912993,0.04239130434782612,0.012499999999999956,-0.05271739130434794,0.07188858695652163
stage1,common_valid,strict,7002,C-B,63,-0.004347826086956497,-0.01521739130434785,0.005434782608695676,0.021739130434782705,0.0,0.0652173913043479
stage1,common_valid,strict,7002,original_C-minus-shuffled_C,63,0.0021739130434782483,-0.006521739130434856,0.01304347826086949,0.0,0.0,0.0
stage1,common_valid,strict,7003,B-A,63,0.01413043478260867,-0.008695652173912993,0.04239130434782612,0.012499999999999956,-0.05271739130434794,0.07188858695652163
stage1,common_valid,strict,7003,C-B,63,0.0021739130434782483,-0.0076358695652174,0.01413043478260867,0.0,-0.0652173913043479,0.06521739130434778
stage1,common_valid,strict,7003,original_C-minus-shuffled_C,63,-0.004347826086956497,-0.013043478260869601,0.0,0.021739130434782705,0.0,0.06576086956521696
stage1,common_valid,strict,7004,B-A,63,0.01413043478260867,-0.008695652173912993,0.04239130434782612,0.012499999999999956,-0.05271739130434794,0.07188858695652163
stage1,common_valid,strict,7004,C-B,63,-0.005434782608695676,-0.018505434782608753,0.004347826086956497,0.0,0.0,0.0
stage1,common_valid,strict,7004,original_C-minus-shuffled_C,63,0.003260869565217428,-0.004347826086956497,0.013043478260869601,0.021739130434782705,0.0,0.0652173913043479
stage1,common_valid,strict,7005,B-A,63,0.01413043478260867,-0.008695652173912993,0.04239130434782612,0.012499999999999956,-0.05271739130434794,0.07188858695652163
stage1,common_valid,strict,7005,C-B,63,0.0,-0.010869565217391353,0.009809782608695625,0.0,-0.0652173913043479,0.06521739130434778
stage1,common_valid,strict,7005,original_C-minus-shuffled_C,63,-0.0021739130434782483,-0.013043478260869601,0.006521739130434745,0.021739130434782705,0.0,0.06576086956521696
stage2,all300,exploratory,0,B-A,300,0.009511111111111026,-0.00498111111111108,0.02231333333333328,0.0033333333333334103,-0.020000000000000018,0.026666666666666727
stage2,all300,exploratory,0,C-B,300,0.0007555555555556204,-0.005512222222222243,0.006845555555555542,-0.0033333333333334103,-0.010000000000000009,0.0
stage2,all300,exploratory,7001,B-A,300,0.009511111111111026,-0.00498111111111108,0.02231333333333328,0.0033333333333334103,-0.020000000000000018,0.026666666666666727
stage2,all300,exploratory,7001,C-B,300,-0.0037333333333332552,-0.009823333333333397,0.001288888888888895,-0.01666666666666672,-0.030000000000000027,-0.0033333333333332993
stage2,all300,exploratory,7001,original_C-minus-shuffled_C,300,0.004488888888888876,-0.0001777777777777212,0.009468888888888955,0.013333333333333308,0.0033333333333332993,0.026666666666666727
stage2,all300,exploratory,7002,B-A,300,0.009511111111111026,-0.00498111111111108,0.02231333333333328,0.0033333333333334103,-0.020000000000000018,0.026666666666666727
stage2,all300,exploratory,7002,C-B,300,0.00013333333333342967,-0.005512222222222243,0.005912222222222198,-0.006666666666666821,-0.01666666666666672,0.0
stage2,all300,exploratory,7002,original_C-minus-shuffled_C,300,0.0006222222222221907,-0.004133333333333322,0.004934444444444457,0.0033333333333334103,-0.00666666666666671,0.016666666666666607
stage2,all300,exploratory,7003,B-A,300,0.009511111111111026,-0.00498111111111108,0.02231333333333328,0.0033333333333334103,-0.020000000000000018,0.026666666666666727
stage2,all300,exploratory,7003,C-B,300,-0.0006666666666665932,-0.007025555555555596,0.005644444444444452,-0.01333333333333342,-0.030000000000000027,0.0033333333333332993
stage2,all300,exploratory,7003,original_C-minus-shuffled_C,300,0.0014222222222222136,-0.003912222222222197,0.00648888888888888,0.010000000000000009,-0.0033333333333334103,0.026666666666666616
stage2,all300,exploratory,7004,B-A,300,0.009511111111111026,-0.00498111111111108,0.02231333333333328,0.0033333333333334103,-0.020000000000000018,0.026666666666666727
stage2,all300,exploratory,7004,C-B,300,-0.004577777777777681,-0.010755555555555518,0.0016444444444444484,-0.00666666666666671,-0.020000000000000018,0.006666666666666599
stage2,all300,exploratory,7004,original_C-minus-shuffled_C,300,0.005333333333333301,0.0007099999999999968,0.010000000000000009,0.0033333333333332993,-0.00666666666666671,0.01333333333333342
stage2,all300,exploratory,7005,B-A,300,0.009511111111111026,-0.00498111111111108,0.02231333333333328,0.0033333333333334103,-0.020000000000000018,0.026666666666666727
stage2,all300,exploratory,7005,C-B,300,-0.003555555555555534,-0.008757777777777847,0.0015122222222222388,0.0,-0.006750000000000143,0.010000000000000009
stage2,all300,exploratory,7005,original_C-minus-shuffled_C,300,0.004311111111111154,-0.00022444444444445752,0.009201111111111096,-0.0033333333333334103,-0.01333333333333342,0.00666666666666671
stage2,all300,strict,0,B-A,226,0.0065128688010044344,-0.011691776522285036,0.02206136220966721,0.004237288135593209,-0.01812617702448216,0.026600753295668578
stage2,all300,strict,0,C-B,226,0.0009416195856873921,-0.006593298807281816,0.008162664783427469,0.00462962962962965,0.0,0.01851851851851849
stage2,all300,strict,7001,B-A,226,0.0065128688010044344,-0.011691776522285036,0.02206136220966721,0.004237288135593209,-0.01812617702448216,0.026600753295668578
stage2,all300,strict,7001,C-B,226,-0.0026679221594475555,-0.010440207156308876,0.004082313245448877,-0.01349654739485251,-0.03162272441933456,0.0
stage2,all300,strict,7001,original_C-minus-shuffled_C,226,0.0036095417451349476,-0.001490897677338343,0.00926318267419966,0.01812617702448216,0.004237288135593209,0.03703703703703698
stage2,all300,strict,7002,B-A,226,0.0065128688010044344,-0.011691776522285036,0.02206136220966721,0.004237288135593209,-0.01812617702448216,0.026600753295668578
stage2,all300,strict,7002,C-B,226,0.001647834274952964,-0.0055732109227872246,0.008474576271186422,0.0,-0.01388888888888884,0.01388888888888884
stage2,all300,strict,7002,original_C-minus-shuffled_C,226,-0.0007062146892655718,-0.005885122410546173,0.004084274952919061,0.00462962962962965,0.0,0.01388888888888895
stage2,all300,strict,7003,B-A,226,0.0065128688010044344,-0.011691776522285036,0.02206136220966721,0.004237288135593209,-0.01812617702448216,0.026600753295668578
stage2,all300,strict,7003,C-B,226,0.00023540489642182028,-0.007689893283113647,0.007221045197740077,-0.004629629629629539,-0.01388888888888895,0.0
stage2,all300,strict,7003,original_C-minus-shuffled_C,226,0.0007062146892655718,-0.005965552416823663,0.007532956685499137,0.00925925925925919,0.0,0.02314814814814825
stage2,all300,strict,7004,B-A,226,0.0065128688010044344,-0.011691776522285036,0.02206136220966721,0.004237288135593209,-0.01812617702448216,0.026600753295668578
stage2,all300,strict,7004,C-B,226,-0.002981795354676686,-0.010124372253609456,0.003297630257375998,-0.004629629629629539,-0.01388888888888895,0.0
stage2,all300,strict,7004,original_C-minus-shuffled_C,226,0.003923414940364078,-0.001647834274952964,0.009259259259259193,0.00925925925925919,0.0,0.02314814814814825
stage2,all300,strict,7005,B-A,226,0.0065128688010044344,-0.011691776522285036,0.02206136220966721,0.004237288135593209,-0.01812617702448216,0.026600753295668578
stage2,all300,strict,7005,C-B,226,-0.002589453860640356,-0.008868879472693039,0.002671845574388026,0.0,-0.01388888888888884,0.01388888888888884
stage2,all300,strict,7005,original_C-minus-shuffled_C,226,0.0035310734463277482,-0.002120605775266787,0.00957313245448832,0.00462962962962965,0.0,0.01388888888888895
stage2,common_valid,exploratory,0,B-A,285,0.00985512959495416,-0.00522691435892382,0.022716073716369304,-0.003424657534246478,-0.028432048881442795,0.021991721691140196
stage2,common_valid,exploratory,0,C-B,285,0.0009855129594953382,-0.005865034000197097,0.0072447521434906145,0.007366709372228275,-0.0065086971518676425,0.02175519858086128
stage2,common_valid,exploratory,7001,B-A,285,0.00985512959495416,-0.00522691435892382,0.022716073716369304,-0.003424657534246478,-0.028432048881442795,0.021991721691140196
stage2,common_valid,exploratory,7001,C-B,285,-0.0045826352616537,-0.01108948457672218,0.0012318911993692838,-0.010618902138563202,-0.0284320488814428,0.003597122302158251
stage2,common_valid,exploratory,7001,original_C-minus-shuffled_C,285,0.0055681482211490385,0.0008339903419729957,0.01108825268552281,0.017985611510791477,0.003597122302158251,0.03237410071942448
stage2,common_valid,exploratory,7002,B-A,285,0.00985512959495416,-0.00522691435892382,0.022716073716369304,-0.003424657534246478,-0.028432048881442795,0.021991721691140196
stage2,common_valid,exploratory,7002,C-B,285,-0.0006405834236720143,-0.006849315068493178,0.0052232186853257145,0.0,-0.01404355967280968,0.01404355967280968
stage2,common_valid,exploratory,7002,original_C-minus-shuffled_C,285,0.0016260963831673525,-0.00281117571696074,0.005667931408298007,0.007366709372228275,-0.009929043066916332,0.02517985611510787
stage2,common_valid,exploratory,7003,B-A,285,0.00985512959495416,-0.00522691435892382,0.022716073716369304,-0.003424657534246478,-0.028432048881442795,0.021991721691140196
stage2,common_valid,exploratory,7003,C-B,285,-0.0029565388784862368,-0.009467083867152825,0.0031561052527840643,-0.007194244604316613,-0.021582733812949728,0.007194244604316502
stage2,common_valid,exploratory,7003,original_C-minus-shuffled_C,285,0.003942051837981575,-0.001578052626391979,0.009953680890903652,0.014560953976544888,0.00017246476791165922,0.03237410071942448
stage2,common_valid,exploratory,7004,B-A,285,0.00985512959495416,-0.00522691435892382,0.022716073716369304,-0.003424657534246478,-0.028432048881442795,0.021991721691140196
stage2,common_valid,exploratory,7004,C-B,285,-0.006110180348871674,-0.01266507342071553,-0.00014782694392434514,-0.007194244604316613,-0.021582733812949617,0.007194244604316502
stage2,common_valid,exploratory,7004,original_C-minus-shuffled_C,285,0.007095693308367013,0.0022161722676653645,0.012172316940967749,0.014560953976544888,0.000172464767911662,0.03237410071942448
stage2,common_valid,exploratory,7005,B-A,285,0.00985512959495416,-0.00522691435892382,0.022716073716369304,-0.003424657534246478,-0.028432048881442795,0.021991721691140196
stage2,common_valid,exploratory,7005,C-B,285,-0.0040406031339312865,-0.009906869025327641,0.0007403666108209822,0.003424657534246478,-0.010963831674386526,0.017813146742879597
stage2,common_valid,exploratory,7005,original_C-minus-shuffled_C,285,0.005026116093426625,-0.0004939883709470376,0.010791366906474757,0.003942051837981797,-0.010273972602739767,0.021582733812949617
stage2,common_valid,strict,0,B-A,100,-0.0049261083743842304,-0.04802955665024622,0.024630541871921152,-0.02052545155993435,-0.07022783251231521,0.023809523809523725
stage2,common_valid,strict,0,C-B,100,0.0,-0.018883415435139498,0.014778325123152691,0.0,0.0,0.0
stage2,common_valid,strict,7001,B-A,100,-0.0049261083743842304,-0.04802955665024622,0.024630541871921152,-0.02052545155993435,-0.07022783251231521,0.023809523809523725
stage2,common_valid,strict,7001,C-B,100,-0.009031198686371034,-0.02793513957307068,0.005747126436781547,-0.0357142857142857,-0.08333333333333326,0.0
stage2,common_valid,strict,7001,original_C-minus-shuffled_C,100,0.009031198686371034,0.002463054187192168,0.01765188834154352,0.0357142857142857,0.0,0.08333333333333326
stage2,common_valid,strict,7002,B-A,100,-0.0049261083743842304,-0.04802955665024622,0.024630541871921152,-0.02052545155993435,-0.07022783251231521,0.023809523809523725
stage2,common_valid,strict,7002,C-B,100,-0.003284072249589487,-0.020114942528735583,0.011494252873563204,0.0,0.0,0.0
stage2,common_valid,strict,7002,original_C-minus-shuffled_C,100,0.003284072249589487,-0.005747126436781549,0.013557060755336565,0.0,0.0,0.0
stage2,common_valid,strict,7003,B-A,100,-0.0049261083743842304,-0.04802955665024622,0.024630541871921152,-0.02052545155993435,-0.07022783251231521,0.023809523809523725
stage2,common_valid,strict,7003,C-B,100,-0.003694581280788145,-0.019714696223316997,0.009041461412151099,-0.023809523809523725,-0.059523809523809534,0.0
stage2,common_valid,strict,7003,original_C-minus-shuffled_C,100,0.003694581280788145,-0.005747126436781658,0.013957307060755264,0.023809523809523725,0.0,0.059523809523809534
stage2,common_valid,strict,7004,B-A,100,-0.0049261083743842304,-0.04802955665024622,0.024630541871921152,-0.02052545155993435,-0.07022783251231521,0.023809523809523725
stage2,common_valid,strict,7004,C-B,100,-0.011494252873563204,-0.029977422003284116,0.003284072249589487,-0.0357142857142857,-0.08333333333333326,0.0
stage2,common_valid,strict,7004,original_C-minus-shuffled_C,100,0.011494252873563204,0.0024630541871920597,0.02257799671592775,0.0357142857142857,0.0,0.08333333333333326
stage2,common_valid,strict,7005,B-A,100,-0.0049261083743842304,-0.04802955665024622,0.024630541871921152,-0.02052545155993435,-0.07022783251231521,0.023809523809523725
stage2,common_valid,strict,7005,C-B,100,-0.0053366174055828886,-0.02052545155993435,0.005747126436781658,0.0,0.0,0.0
stage2,common_valid,strict,7005,original_C-minus-shuffled_C,100,0.0053366174055828886,-0.003294334975369561,0.01518883415435135,0.0,0.0,0.0
